"USRADD","mail.musicorp.com.au","forwinds.com.au","anna","PAD@400w","2048",""
"USRADD","mail.musicorp.com.au","forwinds.com.au","rob","SOU@429m","2048",""
"USRUPDATE","mail.musicorp.com.au","flute-fidelity.com.au","david","CRN@440k","2048","","no",""
"ALIASADD","mail.musicorp.com.au","flute-fidelity.com.au","david","victoria@flute-fidelity.com.au"
"ALIASADD","mail.musicorp.com.au","flute-fidelity.com.au","david","enquiries@flute-fidelity.com.au"
"FORWARDADD","mail.musicorp.com.au","flute-fidelity.com.au","david","dleviston@musicorp.com.au"
"USRUPDATE","mail.musicorp.com.au","forwinds.com.au","andy","PAD@559g","2048","","no",""
"ALIASADD","mail.musicorp.com.au","forwinds.com.au","andy","forwinds@forwinds.com.au"
"ALIASADD","mail.musicorp.com.au","forwinds.com.au","andy","sales@forwinds.com.au"
"ALIASADD","mail.musicorp.com.au","forwinds.com.au","andy","ben@forwinds.com.au"
