"USRUPDATE","mail.musicorp.com.au","musicorp.com.au","david","test01","2048","JPG|JPEG|GIF|PNG|BMP|PSD|TIF|HTM|HTML|JSE|JSP|PL|XML|ASF|MPEG|MP3|MOV|ZIP","no",""
"USRUPDATE","mail.musicorp.com.au","musicorp.com.au","steve","test03","1024","JPG|JPEG|GIF|ZIP|EML","no",""
"USRADD","mail.musicorp.com.au","musicorp.com.au","john","test02","512","JPG|GIF|PNG|XML|ZIP|EML|RAR"
"USRDELE","mail.musicorp.com.au","musicorp.com.au","lilly"
"ALIASUPDATE","mail.musicorp.com.au","musicorp.com.au","steve","sales@musicorp.com.au"
"ALIASADD","mail.musicorp.com.au","musicorp.com.au","john","loans@musicorp.com.au"
"ALIASUPDATE","mail.musicorp.com.au","musicorp.com.au","david","info@musicorp.com.au"
"ALIASADD","mail.musicorp.com.au","musicorp.com.au","john","mailmaster@musicorp.com.au"
"ALIASDELE","mail.musicorp.com.au","musicorp.com.au","lilly","accounts@musicorp.com.au"
"ALIASADD","mail.musicorp.com.au","musicorp.com.au","lilly","accounts@musicorp.com.au"
