"USRADD","mail.musicorp.com.au","flute-fidelity.com.au","david","CRN@440k","2048",""
"USRADD","mail.musicorp.com.au","forwinds.com.au","andy","PAD@559g","2048",""
"USRADD","mail.musicorp.com.au","musicorp.com.au","karen","SOU@773r","2048",""
"USRADD","mail.musicorp.com.au","musicorp.com.au","nfearnside","PAD@609p","2048",""
"USRADD","mail.musicorp.com.au","musicorp.com.au","nsw-admin","CRN@441q","2048",""
"USRADD","mail.musicorp.com.au","musicorp.com.au","rthornton","PAD@335t","2048",""
"USRADD","mail.musicorp.com.au","musicorp.com.au","mspencer","PAD@550m","2048",""
"USRADD","mail.musicorp.com.au","musicorp.com.au","tbeyer","PAD@551e","2048",""
"USRADD","mail.musicorp.com.au","musicorp.com.au","rrota","SOU@229x","2048",""
"USRADD","mail.musicorp.com.au","musicorp.com.au","vsteel","CRN@337u","2048",""
"USRADD","mail.musicorp.com.au","musicorp.com.au","vlee","PER@119s","2048",""
"ALIASADD","mail.musicorp.com.au","musicorp.com.au","vlee","pallis@musicorp.com.au"
"USRADD","mail.musicorp.com.au","musicorp.com.au","sbeed","CRN@440r","2048",""
"USRADD","mail.musicorp.com.au","musicorp.com.au","rviner","PAD@811j","2048",""
"USRADD","mail.musicorp.com.au","musicorp.com.au","rmurphy","CRN@354y","2048",""
"USRADD","mail.musicorp.com.au","musicorp.com.au","reception","ADL@499o","2048",""
"ALIASADD","mail.musicorp.com.au","musicorp.com.au","reception","recep@musicorp.com.au"
"ALIASADD","mail.musicorp.com.au","musicorp.com.au","reception","helen@musicorp.com.au"
"USRADD","mail.musicorp.com.au","musicorp.com.au","peter","ADL@489a","2048",""
"USRADD","mail.musicorp.com.au","musicorp.com.au","msutherland","CAN@300r","2048",""
"ALIASADD","mail.musicorp.com.au","musicorp.com.au","msutherland","matthew@musicorp.com.au"
"USRADD","mail.musicorp.com.au","musicorp.com.au","mpring","ADL@373f","2048",""
"USRADD","mail.musicorp.com.au","musicorp.com.au","mnoyce","ADL@710l","2048",""
"USRADD","mail.musicorp.com.au","musicorp.com.au","lorraine","ADL@310e","2048",""
"USRADD","mail.musicorp.com.au","musicorp.com.au","jberinger","CAN@374p","2048",""
"ALIASADD","mail.musicorp.com.au","musicorp.com.au","jberinger","jim@musicorp.com.au"
"USRADD","mail.musicorp.com.au","musicorp.com.au","jan","ADL@444k","2048",""
"ALIASADD","mail.musicorp.com.au","musicorp.com.au","jan","printmusic@musicorp.com.au"
"USRADD","mail.musicorp.com.au","musicorp.com.au","gmacphedran","ADL@119q","2048",""
"ALIASADD","mail.musicorp.com.au","musicorp.com.au","gmacphedran","grace@musicorp.com.au"
"USRADD","mail.musicorp.com.au","musicorp.com.au","fwrepairs","PAD@553k","2048",""
"USRADD","mail.musicorp.com.au","musicorp.com.au","ewalker","PAD@337b","2048",""
"ALIASADD","mail.musicorp.com.au","musicorp.com.au","ewalker","ned@musicorp.com.au"
"USRADD","mail.musicorp.com.au","musicorp.com.au","echiddy","CRN@491z","2048",""
"ALIASADD","mail.musicorp.com.au","musicorp.com.au","echiddy","mmiller@musicorp.com.au"
"USRADD","mail.musicorp.com.au","musicorp.com.au","dominic","ADL@499w","2048",""
"USRADD","mail.musicorp.com.au","musicorp.com.au","dleviston","CRN@388u","2048",""
"USRADD","mail.musicorp.com.au","musicorp.com.au","dave","ADL@465t","2048",""
"USRADD","mail.musicorp.com.au","musicorp.com.au","chris","ADL@932p","2048",""
"USRADD","mail.musicorp.com.au","musicorp.com.au","daryl","CAN@592o","2048",""
"ALIASADD","mail.musicorp.com.au","musicorp.com.au","daryl","dhorwood@musicorp.com.au"
"USRADD","mail.musicorp.com.au","musicorp.com.au","bmoore","PAD@101j","2048",""
"USRADD","mail.musicorp.com.au","musicorp.com.au","bkelley","CAN@115a","2048",""
"USRADD","mail.musicorp.com.au","musicorp.com.au","bmarks","PAD@551l","512",""
"USRADD","mail.musicorp.com.au","musicorp.com.au","anita","CAN@401h","2048",""
"ALIASADD","mail.musicorp.com.au","musicorp.com.au","anita","acaltabiano@musicorp.com.au"
"USRADD","mail.musicorp.com.au","musicorp.com.au","annette","ADL@430e","2048",""
"USRADD","mail.musicorp.com.au","musicorp.com.au","afoley","PAD@844v","2048",""
"USRADD","mail.musicorp.com.au","musicorp.com.au","michael","ADL@789w","0",""
"ALIASADD","mail.musicorp.com.au","musicorp.com.au","michael","mja@musicorp.com.au"
"USRADD","mail.musicorp.com.au","musicorp.com.au","david","ADL@173x","3072","JPG|JPEG|GIF|PNG|BMP|PSD|TGA|TIFF|TIF|DOC|PDF|CSV|XSL|XLS|PPT|HTM|HTML|ZIP|EML|RAR"
"ALIASADD","mail.musicorp.com.au","musicorp.com.au","david","qld@musicorp.com.au"
"ALIASADD","mail.musicorp.com.au","musicorp.com.au","david","wa@musicorp.com.au"
"ALIASADD","mail.musicorp.com.au","musicorp.com.au","david","vic@musicorp.com.au"
"ALIASADD","mail.musicorp.com.au","musicorp.com.au","david","nsw@musicorp.com.au"
"ALIASADD","mail.musicorp.com.au","musicorp.com.au","david","info@musicorp.com.au"
"ALIASADD","mail.musicorp.com.au","musicorp.com.au","david","sa@musicorp.com.au"
"ALIASADD","mail.musicorp.com.au","musicorp.com.au","david","dludbey@musicorp.com.au"
"USRADD","mail.musicorp.com.au","musicorp.com.au","mike","ADL@231y","0",""
