"USRUPDATE","mail.musicorp.com.au","musicorp.com.au","david","test01","2048","JPG|JPEG|GIF|PNG|BMP|PSD|TIF|HTM|HTML|JSE|JSP|PL|XML|ASF|MPEG|MP3|MOV|ZIP","no",""
"USRUPDATE","mail.musicorp.com.au","musicorp.com.au","steve","test03","1024","JPG|JPEG|GIF|ZIP|EML","no",""
"USRUPDATE","mail.musicorp.com.au","musicorp.com.au","john","test02","512","JPG|GIF|PNG|XML|ZIP|EML|RAR","yes","Kind Regards John"
"USRADD","mail.musicorp.com.au","musicorp.com.au","lilly","test05","1024","JPG|GIF|BMP|ZIP|EML|RAR"
"USRADD","mail.musicorp.com.au","musicorp.com.au","brad","test04","1024","JPG|GIF|PNG|BMP|HTML|XML|ZIP|EML|RAR"
"FORWARDUPDATE","mail.musicorp.com.au","musicorp.com.au","sales","sales@musicorp.com.au"
"FORWARDADD","mail.musicorp.com.au","musicorp.com.au","loans","loans@musicorp.com.au"
"FORWARDADD","mail.musicorp.com.au","musicorp.com.au","info","info@musicorp.com.au"
"USRDELE","mail.musicorp.com.au","musicorp.com.au","fred"
