"USRADD","vmail.worldwebms.com","rossaircharter.com.au","bcarr","dzfg45","2048",""
"USRADD","vmail.worldwebms.com","rossaircharter.com.au","will","w235se","2048",""
"USRADD","vmail.worldwebms.com","rossaircharter.com.au","sguerin","gui967","2048",""
"USRADD","vmail.worldwebms.com","rossaircharter.com.au","gwait","xcvsrt4","2048",""
"USRADD","vmail.worldwebms.com","rossaircharter.com.au","bewens","rt77hk","2048",""
"USRADD","vmail.worldwebms.com","rossaircharter.com.au","johnm","erur685","2048",""
