"USRUPDATE","<mail.musicorp.com.au>","<musicorp.com.au>","<musico01>","<david>","<test01>","<2048>","<JPG|JPEG|GIF|PNG|BMP|PSD|TIF|HTM|HTML|JSE|JSP|PL|XML|ASF|MPEG|MP3|MOV|ZIP>","<no>","<>"
"USRUPDATE","<mail.musicorp.com.au>","<musicorp.com.au>","<musico03>","<steve>","<test03>","<1024>","<JPG|JPEG|GIF|ZIP|EML>","<no>","<>"
"USRUPDATE","<mail.musicorp.com.au>","<musicorp.com.au>","<musico02>","<john>","<test02>","<512>","<JPG|GIF|PNG|XML|ZIP|EML|RAR>","<yes>","<Kind Regards John>"
"USRADD","<mail.musicorp.com.au>","<musicorp.com.au>","<musico05>","<lilly>","<test05>","<1024>","<JPG|GIF|BMP|ZIP|EML|RAR>"
"USRADD","<mail.musicorp.com.au>","<musicorp.com.au>","<musico04>","<brad>","<test04>","<1024>","<JPG|GIF|PNG|BMP|HTML|XML|ZIP|EML|RAR>"
