"USRUPDATE","vmail.worldwebms.com","commercialgeneral.com.au","lisa.hill","sjutef","3072","","no",""
"USRUPDATE","vmail.worldwebms.com","commercialgeneral.com.au","chris.jeyapal","lygbew","3072","","no",""
"USRUPDATE","vmail.worldwebms.com","linksladybay.com","admin","fytu","3072","","no",""
"USRUPDATE","vmail.worldwebms.com","commercialgeneral.com.au","nick.tolley","sjute5","3072","","no",""
"USRUPDATE","vmail.worldwebms.com","commercialgeneral.com.au","luke.barclay","8jy5de","3072","","no",""
"USRUPDATE","vmail.worldwebms.com","commercialgeneral.com.au","doris.gatt","pobvfre","3072","","no",""
"USRUPDATE","vmail.worldwebms.com","commercialgeneral.com.au","kate.hill","34rsd","3072","","no",""
"USRUPDATE","vmail.worldwebms.com","commercialgeneral.com.au","sophie.despeaux","amzft","3072","","no",""
