"USRUPDATE","mail.musicorp.com.au","forwinds.com.au","anna","PAD@400w","100","TXT|DOC|PDF|","no",""
"USRUPDATE","mail.musicorp.com.au","forwinds.com.au","rob","SOU@429m","100","TXT|DOC|PDF|","no",""
"USRUPDATE","mail.musicorp.com.au","flute-fidelity.com.au","david","CRN@440k","100","TXT|DOC|PDF|","no",""
"USRUPDATE","mail.musicorp.com.au","forwinds.com.au","andy","PAD@559g","100","TXT|DOC|PDF|","no",""
"USRUPDATE","mail.musicorp.com.au","musicorp.com.au","karen","SOU@773r","100","TXT|DOC|PDF|","no",""
"USRUPDATE","mail.musicorp.com.au","musicorp.com.au","nfearnside","PAD@609p","100","TXT|DOC|PDF|","no",""
"USRUPDATE","mail.musicorp.com.au","musicorp.com.au","nsw-admin","CRN@441q","100","TXT|DOC|PDF|","no",""
"USRUPDATE","mail.musicorp.com.au","musicorp.com.au","rthornton","PAD@335t","100","TXT|DOC|PDF|","no",""
"USRUPDATE","mail.musicorp.com.au","musicorp.com.au","mspencer","PAD@550m","100","TXT|DOC|PDF|","no",""
"USRUPDATE","mail.musicorp.com.au","musicorp.com.au","tbeyer","PAD@551e","100","TXT|DOC|PDF|","no",""
"USRUPDATE","mail.musicorp.com.au","musicorp.com.au","rrota","SOU@229x","100","TXT|DOC|PDF|","no",""
"USRUPDATE","mail.musicorp.com.au","musicorp.com.au","vsteel","CRN@337u","100","TXT|DOC|PDF|","no",""
"USRUPDATE","mail.musicorp.com.au","musicorp.com.au","vlee","PER@119s","100","TXT|DOC|PDF|","no",""
"USRUPDATE","mail.musicorp.com.au","musicorp.com.au","sbeed","CRN@440r","100","TXT|DOC|PDF|","no",""
"USRUPDATE","mail.musicorp.com.au","musicorp.com.au","rviner","PAD@811j","100","TXT|DOC|PDF|","no",""
"USRUPDATE","mail.musicorp.com.au","musicorp.com.au","rmurphy","CRN@354y","100","TXT|DOC|PDF|","no",""
"USRUPDATE","mail.musicorp.com.au","musicorp.com.au","reception","ADL@499o","100","TXT|DOC|PDF|","no",""
"USRUPDATE","mail.musicorp.com.au","musicorp.com.au","peter","ADL@489a","100","TXT|DOC|PDF|XLS|","no",""
"USRUPDATE","mail.musicorp.com.au","musicorp.com.au","msutherland","CAN@300r","100","TXT|DOC|PDF|","no",""
"USRUPDATE","mail.musicorp.com.au","musicorp.com.au","mpring","ADL@373f","100","TXT|DOC|PDF|","no",""
"USRUPDATE","mail.musicorp.com.au","musicorp.com.au","mnoyce","ADL@710l","100","TXT|DOC|PDF|","no",""
"USRUPDATE","mail.musicorp.com.au","musicorp.com.au","lorraine","ADL@310e","100","TXT|DOC|PDF|","no",""
"USRUPDATE","mail.musicorp.com.au","musicorp.com.au","jberinger","CAN@374p","100","TXT|DOC|PDF|","no",""
"USRUPDATE","mail.musicorp.com.au","musicorp.com.au","jan","ADL@444k","100","TXT|DOC|PDF|","no",""
"USRUPDATE","mail.musicorp.com.au","musicorp.com.au","gmacphedran","ADL@119q","100","TXT|DOC|PDF|","no",""
"USRUPDATE","mail.musicorp.com.au","musicorp.com.au","fwrepairs","PAD@553k","100","TXT|DOC|PDF|","no",""
"USRUPDATE","mail.musicorp.com.au","musicorp.com.au","ewalker","PAD@337b","100","TXT|DOC|PDF|","no",""
"USRUPDATE","mail.musicorp.com.au","musicorp.com.au","echiddy","CRN@491z","100","TXT|DOC|PDF|","no",""
"USRUPDATE","mail.musicorp.com.au","musicorp.com.au","dominic","ADL@499w","100","TXT|DOC|PDF|","no",""
"USRUPDATE","mail.musicorp.com.au","musicorp.com.au","dleviston","CRN@388u","100","TXT|DOC|PDF|","no",""
"USRUPDATE","mail.musicorp.com.au","musicorp.com.au","dave","ADL@465t","100","TXT|DOC|PDF|","no",""
"USRUPDATE","mail.musicorp.com.au","musicorp.com.au","chris","ADL@932p","100","TXT|DOC|PDF|","no",""
"USRUPDATE","mail.musicorp.com.au","musicorp.com.au","daryl","CAN@592o","512","PSD|TXT|DOC|PDF|XLS|","no",""
"USRUPDATE","mail.musicorp.com.au","musicorp.com.au","bmoore","PAD@101j","100","TXT|DOC|PDF|","no",""
"USRUPDATE","mail.musicorp.com.au","musicorp.com.au","bkelley","CAN@115a","100","TXT|DOC|PDF|","no",""
"USRUPDATE","mail.musicorp.com.au","musicorp.com.au","bmarks","PAD@551l","100","TXT|DOC|PDF|","no",""
"USRUPDATE","mail.musicorp.com.au","musicorp.com.au","anita","CAN@401h","100","TXT|DOC|PDF|","no",""
"USRUPDATE","mail.musicorp.com.au","musicorp.com.au","annette","ADL@430e","100","TXT|DOC|PDF|","no",""
"USRUPDATE","mail.musicorp.com.au","musicorp.com.au","afoley","PAD@844v","100","TXT|DOC|PDF|","no",""
"USRUPDATE","mail.musicorp.com.au","musicorp.com.au","michael","ADL@789w","100","TXT|DOC|PDF|","no",""
"USRUPDATE","mail.musicorp.com.au","musicorp.com.au","david","ADL@173x","10240","JPG|JPEG|GIF|PNG|BMP|PSD|TGA|TIFF|TIF|TXT|DOC|PDF|CSV|XSL|XLS|PPT|HTM|HTML|ZIP|EML|RAR","no",""
"USRUPDATE","mail.musicorp.com.au","musicorp.com.au","mike","ADL@231y","100","TXT|DOC|PDF|","no",""
"USRUPDATE","mail.musicorp.com.au","musicorp.com.au","rpaul","CRN@771o","100","TXT|DOC|PDF|","no",""
"USRUPDATE","mail.musicorp.com.au","musicorp.com.au","nsciberras","CRN@919z","100","TXT|DOC|PDF|","no",""
"USRUPDATE","mail.musicorp.com.au","musicorp.com.au","ehall","ADL@300o","100","TXT|DOC|PDF|","no",""
