"USRUPDATE","mail.musicorp.com.au","forwinds.com.au","anna","PAD@400w","1024","JPG|JPEG|GIF|TXT|DOC|PDF|CSV|XSL|XLS|PPT|PUB|RTF|DAT|HTM|HTML|","no",""
"USRUPDATE","mail.musicorp.com.au","forwinds.com.au","rob","SOU@429m","1024","JPG|JPEG|GIF|TXT|DOC|PDF|CSV|XSL|XLS|PPT|PUB|RTF|DAT|HTM|HTML|","no",""
"USRUPDATE","mail.musicorp.com.au","flute-fidelity.com.au","david","CRN@440k","1024","JPG|JPEG|GIF|TXT|DOC|PDF|CSV|XSL|XLS|PPT|PUB|RTF|DAT|HTM|HTML|","no",""
"USRUPDATE","mail.musicorp.com.au","forwinds.com.au","andy","PAD@559g","1024","JPG|JPEG|GIF|TXT|DOC|PDF|CSV|XSL|XLS|PPT|PUB|RTF|DAT|HTM|HTML|","no",""
"USRUPDATE","mail.musicorp.com.au","musicorp.com.au","karen","SOU@773r","1024","JPG|JPEG|GIF|TXT|DOC|PDF|CSV|XSL|XLS|PPT|PUB|RTF|DAT|HTM|HTML|","no",""
"USRUPDATE","mail.musicorp.com.au","musicorp.com.au","nfearnside","PAD@609p","1024","JPG|JPEG|GIF|TXT|DOC|PDF|CSV|XSL|XLS|PPT|PUB|RTF|DAT|HTM|HTML|","no",""
"USRUPDATE","mail.musicorp.com.au","musicorp.com.au","nsw-admin","CRN@441q","1024","JPG|JPEG|GIF|TXT|DOC|PDF|CSV|XSL|XLS|PPT|PUB|RTF|DAT|HTM|HTML|","no",""
"USRUPDATE","mail.musicorp.com.au","musicorp.com.au","mspencer","PAD@550m","1024","JPG|JPEG|GIF|TXT|DOC|PDF|CSV|XSL|XLS|PPT|PUB|RTF|DAT|HTM|HTML|","no",""
"USRUPDATE","mail.musicorp.com.au","musicorp.com.au","rrota","SOU@229x","1024","JPG|JPEG|GIF|TXT|DOC|PDF|CSV|XSL|XLS|PPT|PUB|RTF|DAT|HTM|HTML|","no",""
"USRUPDATE","mail.musicorp.com.au","musicorp.com.au","vsteel","CRN@337u","1024","JPG|JPEG|GIF|TXT|DOC|PDF|CSV|XSL|XLS|PPT|PUB|RTF|DAT|HTM|HTML|","no",""
"USRUPDATE","mail.musicorp.com.au","musicorp.com.au","vlee","PER@119s","1024","JPG|JPEG|GIF|TXT|DOC|PDF|CSV|XSL|XLS|PPT|PUB|RTF|DAT|HTM|HTML|","no",""
"USRUPDATE","mail.musicorp.com.au","musicorp.com.au","sbeed","CRN@440r","1024","JPG|JPEG|GIF|TXT|DOC|PDF|CSV|XSL|XLS|PPT|PUB|RTF|DAT|HTM|HTML|","no",""
"USRUPDATE","mail.musicorp.com.au","musicorp.com.au","rmurphy","CRN@354y","1024","JPG|JPEG|GIF|TXT|DOC|PDF|CSV|XSL|XLS|PPT|PUB|RTF|DAT|HTM|HTML|","no",""
"USRUPDATE","mail.musicorp.com.au","musicorp.com.au","reception","ADL@499o","1024","JPG|JPEG|GIF|TXT|DOC|PDF|CSV|XSL|XLS|PPT|PUB|RTF|DAT|HTM|HTML|","no",""
"USRUPDATE","mail.musicorp.com.au","musicorp.com.au","peter","ADL@489a","1024","JPG|JPEG|GIF|TXT|DOC|PDF|CSV|XSL|XLS|PPT|PUB|RTF|DAT|HTM|HTML|","no",""
"USRUPDATE","mail.musicorp.com.au","musicorp.com.au","msutherland","CAN@300r","1024","JPG|JPEG|GIF|TXT|DOC|PDF|CSV|XSL|XLS|PPT|PUB|RTF|DAT|HTM|HTML|","no",""
"USRUPDATE","mail.musicorp.com.au","musicorp.com.au","mpring","ADL@373f","1024","JPG|JPEG|GIF|TXT|DOC|PDF|CSV|XSL|XLS|PPT|PUB|RTF|DAT|HTM|HTML|","no",""
"USRUPDATE","mail.musicorp.com.au","musicorp.com.au","rpaul","CRN@771o","1024","JPG|JPEG|GIF|TXT|DOC|PDF|CSV|XSL|XLS|PPT|PUB|RTF|DAT|HTM|HTML|","no",""
"USRUPDATE","mail.musicorp.com.au","musicorp.com.au","nsciberras","CRN@919z","1024","JPG|JPEG|GIF|TXT|DOC|PDF|CSV|XSL|XLS|PPT|PUB|RTF|DAT|HTM|HTML|","no",""
"USRUPDATE","mail.musicorp.com.au","musicorp.com.au","ehall","ADL@300o","1024","JPG|JPEG|GIF|TXT|DOC|PDF|CSV|XSL|XLS|PPT|PUB|RTF|DAT|HTM|HTML|","no",""
"USRUPDATE","mail.musicorp.com.au","musicorp.com.au","rviner","PAD@811j","1024","JPG|JPEG|GIF|TXT|DOC|PDF|CSV|XSL|XLS|PPT|PUB|RTF|DAT|HTM|HTML|","no",""
"USRUPDATE","mail.musicorp.com.au","musicorp.com.au","fw01","PAD@111a","1024","JPG|JPEG|GIF|TXT|DOC|PDF|CSV|XSL|XLS|PPT|PUB|RTF|DAT|HTM|HTML|","no",""
"USRUPDATE","mail.musicorp.com.au","musicorp.com.au","msteenson","ADL@612e","1024","JPG|JPEG|GIF|TXT|DOC|PDF|CSV|XSL|XLS|PPT|PUB|RTF|DAT|HTM|HTML|","no",""
"USRUPDATE","mail.musicorp.com.au","musicorp.com.au","kstaples","ADL@113x","1024","JPG|JPEG|GIF|BMP|TXT|DOC|PDF|CSV|XSL|XLS|PPT|PUB|RTF|DAT|HTM|HTML|","no",""
"USRUPDATE","mail.musicorp.com.au","musicorp.com.au","teena","PAD@401v","1024","JPG|JPEG|GIF|TXT|DOC|PDF|CSV|XSL|XLS|PPT|PUB|RTF|EPS|DAT|HTM|HTML|","no",""
"USRUPDATE","mail.musicorp.com.au","musicorp.com.au","emarszalek","PER@505q","1024","JPG|JPEG|GIF|TXT|DOC|PDF|CSV|XSL|XLS|PPT|PUB|RTF|EPS|DAT|HTM|HTML|","no",""
"USRUPDATE","mail.musicorp.com.au","musicorp.com.au","bgott","PAD@700s","1024","JPG|JPEG|GIF|TXT|DOC|PDF|CSV|XSL|XLS|PPT|PUB|RTF|DAT|HTM|HTML|","no",""
