"USRADD","vmail.worldwebms.com","dreamtimepr.com","janet","ddks87","2048",""
"USRADD","vmail.worldwebms.com","dreamtimepr.com","info","skout4","2048",""
"USRADD","vmail.worldwebms.com","dreamtimepr.com","nigel","8jhbfdre","2048",""
"USRADD","vmail.worldwebms.com","dreamtimepr.com","damien","dhjiuy","2048",""
"USRADD","vmail.worldwebms.com","dreamtimepr.com","design1","xmcbhdsrw","2048",""
"USRADD","vmail.worldwebms.com","dreamtimepr.com","design2","ejnl87","2048",""
"USRADD","vmail.worldwebms.com","dreamtimepr.com","design3","wuhikhjv","2048",""
"USRADD","vmail.worldwebms.com","dreamtimepr.com","bryan","uioskl9","2048",""
