Adelaide Arcade Pty Ltd,10046
Adelaide Instute of TAFE:English Language Services,10055
Adelaide Lending Centre,10030
Adelaide Shiatsu,0
Air-Ride (SA) Pty Ltd,0
Aloren Pty Ltd,10040
Angels of Illumination,0
Anzac Highway Motor Inn,99046
Australian Knifemakers Guild,10053
Australian Water Ski Federation Incoporated,0
Balloons Galore,10042
Botanic Garden Restaurant,10011
Burnside Plastics,13010
Cartronics,10023
CHC Helicopters (Australia),10034
Class Is Brass Pty Ltd,13014
Country Clubs Australia,99021
Danae Resources NL,10022
District Council of Mallala,10018
Don Morton Pty. Limited,98026
Dowie Doole,13006
easyflowers.com.au,13017
Elders Limited,0
Enjoyabill,0
Ensenada Motor Inn,99010
Esstek CNC,10058
Ezy-Fit Hydraulics,98010
Flightpath Architects Pty Ltd,11018
Flinders Lodge Motel,99033
Glascraft Marine,99009
Glenelg Beach Resort,99011
Glenelg Holiday Flats,10009
Griffiths Maintenance,0
Gumi Gumi,0
HK Corporation Pty Ltd (T/A Ikeguchi),0
Jock Gilbert Goup,11021
JRs Surf & Ski,10033
K & A Motorsport,0
Latrobe Pty Ltd,11008
LRB Antiquities,0
Matrix Marine,0
May Gibbs Childrens Literature Trust,12011
Metal and Stone,99060
Micromet,10038
Musicorp Australia Pty Ltd,10051
National Wireless,10028
NoFX Photography,0
Ottoway Engineering,10014
Palm Gardens Retirement Village,11015
PDR Sportswear Australia,0
Performance Wake Surf and Ski,12012
Pergolas Of Distinction,0
Persimmon Gallery,13022
Port Adelaide Central Mission Inc.,10050
Poynter Hargraves Financial Consultants Pty Ltd,13001
Ray and Annes Tackle and Marine,99075
Robian International,10004
Rossair Charter,98027
Symtec Australia,12004
The Rosemary Foundation,13007
U-Drive Performance Cars,10003
VAF Research Pty Ltd,11029
Velo Seats,99064
Wakeboard SA,0
Wakefield Orthopaedic Clinic,11005
Waterski South Australia,0
Whalers Inn Resort,99074
