Adelaide Arcade Pty Ltd,10046
Adelaide Instute of TAFE: English Language Services,10055
Adelaide Lending Centre,10030
Agents Alliance Real Estate Pty Ltd,13036
Air-Ride (SA) Pty Ltd,0
Alyssiums Pty Ltd,13032
Angels of Illumination,0
Anzac Highway Motor Inn,99046
Australian Knifemakers Guild,10053
Australian Water Ski Federation Incoporated,0
Balloons Galore,10042
Bible In Song,13044
Burnside Plastics,13010
Burnside Plastics (QLD) Pty Ltd,0
Burnside Plastics (WA) Pty Ltd,0
Cartronics,10023
CHC Helicopters (Australia),10034
Class Is Brass Pty Ltd,13014
Commercial & General,0
Country Clubs Australia,99021
Danae Resources NL,10022
District Council of Mallala,10018
Don Morton Pty. Limited,98026
Dowie Doole,13006
Einstein Da Vinci & Company,14190
Elders Limited,13013
Elite Bedding,14004
Ensenada Motor Inn,99010
Esstek CNC,10058
Ezy-Fit Hydraulics,98010
Flightpath Architects Pty Ltd,11018
Flinders Lodge Motel,99033
Glascraft Marine,99009
Glendambo Outback Resort,13039
Glenelg Holiday Flats,10009
Griffiths Maintenance,0
Gumi Gumi,13043
HK Corporation Pty Ltd (T/A Ikeguchi),0
HR Development at Work,14005
Jock Gilbert Goup,11021
JRs Surf & Ski,10033
K & A Motorsport,0
KT World Mart Enterprises,0
LRB Antiquities,0
Matrix Marine,0
May Gibbs Childrens Literature Trust,12011
Megaw & Hogg Pty Ltd,11008
Metal and Stone,99060
Micromet,10038
Motoring Events Management Pty Ltd,13045
Musicorp Australia Pty Ltd,10051
National Jet Systems Pty Ltd,13034
National Wireless,10028
NoFX Photography,0
Onboard Surf,0
Ottoway Engineering,10014
OverseasGifts.com,13024
Palm Gardens Retirement Village,11015
PDR Sportswear Australia,12014
Pergolas Of Distinction,12013
Persimmon Gallery,13022
Poynter Hargraves Financial Consultants Pty Ltd,13001
Ray and Annes Tackle and Marine,99075
Regent Arcade,13023
Robian International,10004
Rosemary Foundation,13007
Rossair Charter,98027
Stanley Thompson Valuers SA,13012
Swizzle Pty Ltd,0
Symtec Australia,12004
The Island Wine Company Pty Ltd,14008
Twister Ski Shop,14002
Tynte Flowers,10040
U-Drive Performance Cars,10003
U-Drive SA,14006
UnitingCare Wesley Port Adelaide Inc,10050
VAF Research Pty Ltd,11029
Velo Seats,99064
Vilis Cakes,13011
Wakeboard SA,0
Wakefield Orthopaedic Clinic,11006
Waterski South Australia,0
Whalers Inn Resort,99074
WorldWeb Management Services Pty Ltd,98000
