"USRUPDATE","vmail.worldwebms.com","thefishermansparadise.com.au","fishing","fish1suspe","2048","","no",""
"USRUPDATE","vmail.worldwebms.com","thefishermansparadise.com.au","sales","fish1suspe","2048","","no",""
"USRUPDATE","vmail.worldwebms.com","thefishermansparadise.com.au","keith","fish1suspe","2048","","no",""
"USRUPDATE","vmail.worldwebms.com","fishermansparadise.biz","keith","fish1suspe","2048","","no",""
"USRUPDATE","vmail.worldwebms.com","fishermansparadise.biz","hostmaster","fish1suspe","2048","","no",""
