"USRUPDATE","vmail.worldwebms.com","overseasgifts.com","rachel","vrevetes2","5120","","no","Hi. I am out of the office from close of business Tuesday 23rd December 2014 and returning on Tuesday 6th January 2015. All queries will be answered upon my return. Wishing you all a very Merry Christmas and Happy New Year."
"USRUPDATE","vmail.worldwebms.com","overseasgifts.com","lee","teren1974","2048","","no",""
"USRUPDATE","vmail.worldwebms.com","overseasgifts.com","anouska","chriarev2","10240","","no",""
"USRADD","vmail.worldwebms.com","overseasgifts.com","gifts","mrp0g17","2048",""
"FORWARDADD","vmail.worldwebms.com","overseasgifts.com","gifts","rachel@overseasgifts.com","N"
