"USRUPDATE","vmail.worldwebms.com","tna.asn.au","nicole","co0per1","5120","","no",""
"FORWARDUPDATE","vmail.worldwebms.com","tna.asn.au","nicole","somamittra@gmail.com","N"
"USRUPDATE","vmail.worldwebms.com","tna.asn.au","contactus","scarl3tt2","5120","","no",""
"FORWARDUPDATE","vmail.worldwebms.com","tna.asn.au","contactus","somamittra@gmail.com","N"
"USRUPDATE","vmail.worldwebms.com","tna.asn.au","secretariat","1234","5120","","no",""
"FORWARDUPDATE","vmail.worldwebms.com","tna.asn.au","secretariat","somamittra@gmail.com","N"
