"USRADD","vmail.worldwebms.com","bigolive.com.au","bigolive","jsiuet5","2048",""
"USRADD","vmail.worldwebms.com","bigolive.com","ijohani","sdf45g","2048",""
"USRADD","vmail.worldwebms.com","bigolive.com","admin1","789jndgt","2048",""
"USRADD","vmail.worldwebms.com","bigolive.com","johani","78hnjdt","2048",""
"USRADD","vmail.worldwebms.com","bigolive.com.au","amal","90jnga","2048",""
"USRADD","vmail.worldwebms.com","bigolive.com","bigolive5","sdlkh","2048",""
"USRADD","vmail.worldwebms.com","bigolive.com","bigolive6","sfgnui","2048",""
