"USRUPDATE","vmail.worldwebms.com","flinderspersonnel.com.au","adelaide","wUJeq7Nu","20480","","no",""
"FORWARDUPDATE","vmail.worldwebms.com","flinderspersonnel.com.au","adelaide","peter@flinderspersonnel.com.au","Y"
"USRUPDATE","vmail.worldwebms.com","flinderspersonnel.com.au","admin","zE44uSwu","20480","","no",""
"FORWARDUPDATE","vmail.worldwebms.com","flinderspersonnel.com.au","admin","peter@flinderspersonnel.com.au","Y"
"USRUPDATE","vmail.worldwebms.com","flinderspersonnel.com.au","leigh","s7cespuS","20480","","no",""
"FORWARDUPDATE","vmail.worldwebms.com","flinderspersonnel.com.au","leigh","leigh.madigan@live.com","Y"
"USRUPDATE","vmail.worldwebms.com","flinderspersonnel.com.au","portpirie","tufr9qaS","20480","","no",""
"FORWARDUPDATE","vmail.worldwebms.com","flinderspersonnel.com.au","portpirie","peter@flinderspersonnel.com.au","Y"
"USRUPDATE","vmail.worldwebms.com","flinderspersonnel.com.au","brenton","muteb7","2048","","no",""
"FORWARDUPDATE","vmail.worldwebms.com","flinderspersonnel.com.au","brenton","peter@flinderspersonnel.com.au","N"
"USRUPDATE","vmail.worldwebms.com","flinderspersonnel.com.au","vicki","6e6upa","2048","","no",""
"FORWARDUPDATE","vmail.worldwebms.com","flinderspersonnel.com.au","vicki","peter@flinderspersonnel.com.au","N"
"USRUPDATE","vmail.worldwebms.com","flinderspersonnel.com.au","chris","gesc4t","5120","","no",""
"FORWARDUPDATE","vmail.worldwebms.com","flinderspersonnel.com.au","chris","peter@flinderspersonnel.com.au","N"
