"USRUPDATE","vmail.worldwebms.com","ctcc.com.au","info","forwarding","2048","","no",""
"FORWARDADD","vmail.worldwebms.com","ctcc.com.au","info","harmanauto@optusnet.com.au","N"
"USRUPDATE","vmail.worldwebms.com","ctcc.com.au","robbie","forwarding","2048","","no",""
"FORWARDUPDATE","vmail.worldwebms.com","ctcc.com.au","robbie","comptronics@optusnet.com.au","N"
"USRUPDATE","vmail.worldwebms.com","ctcc.com.au","admin","forwarding","2048","","no",""
"FORWARDADD","vmail.worldwebms.com","ctcc.com.au","admin","harmanauto@optusnet.com.au","N"
"USRUPDATE","vmail.worldwebms.com","ctcc.com.au","rowan","forwarding","2048","","no",""
"FORWARDADD","vmail.worldwebms.com","ctcc.com.au","rowan","harmanauto@optusnet.com.au","N"
